Model,Accuracy,AUC,Precision,Recall,F1 Score,MCC
Logistic Regression,0.9721770192498511,0.996372482648104,0.9767361411398426,0.9631587924270851,0.9698999527674009,0.9441160452751202
Decision Tree,0.9984520738241714,0.9984860149800782,0.9977003662379695,0.9989766331229746,0.9983380917884689,0.9968902307177752
KNN,0.9967453859892836,0.9996159430008431,0.9972668261018107,0.9957359713457274,0.9965008107877443,0.9934598438998061
Naive Bayes,0.8406826751339551,0.9780249045866207,0.9975483870967742,0.6593041105236227,0.7939001848428835,0.7110691793662509
Random Forest,0.9990077396308792,0.9999944155122533,0.9994877486553402,0.9983796691113764,0.9989334015956313,0.9980063293640113
XGBoost,0.9993252629489978,0.9999894831812388,0.999317697228145,0.999232474842231,0.999275084218157,0.9986440320497927
